timestamp,status,error
1765358457.4085321,200,
1765358457.5137658,200,
1765358457.6178048,200,
1765358457.7216282,200,
1765358457.8255002,200,
1765358457.928194,200,
1765358458.0316346,200,
1765358458.134843,200,
1765358458.237415,200,
1765358458.3408918,200,
1765358458.4442146,200,
1765358458.5468233,200,
1765358458.650135,200,
1765358458.754075,200,
1765358458.8564386,200,
1765358458.9590516,200,
1765358459.062913,200,
1765358459.1654806,200,
1765358459.2689347,200,
1765358459.3729718,200,
1765358459.475464,200,
1765358459.5792859,200,
1765358459.6830423,200,
1765358459.785481,200,
1765358459.8891692,200,
1765358459.9930642,200,
1765358460.095724,200,
1765358460.1999397,200,
1765358460.3037007,200,
1765358460.406275,200,
1765358460.5099561,200,
1765358460.6140056,200,
1765358460.7164876,200,
1765358460.8203442,200,
1765358460.924493,200,
1765358461.0269291,200,
1765358461.130679,200,
1765358461.234074,200,
1765358461.3365848,200,
1765358461.4407165,200,
1765358461.5446694,200,
1765358461.6472204,200,
1765358461.7510724,200,
1765358461.8560112,200,
1765358461.9593418,200,
1765358462.062995,200,
1765358462.1669652,200,
1765358462.2699978,200,
1765358462.373509,200,
1765358462.477554,200,
1765358462.581028,200,
1765358462.6849155,200,
1765358462.7889445,200,
1765358462.8923125,200,
1765358462.9965448,200,
1765358463.10085,200,
1765358463.2045302,502,
1765358463.3060682,200,
1765358463.409983,200,
1765358463.5137165,200,
1765358463.616819,200,
1765358463.7207377,200,
1765358463.8241172,200,
1765358463.9276211,200,
1765358464.0306222,200,
1765358464.1343908,200,
1765358464.2379773,200,
1765358464.3417714,200,
1765358464.4446712,200,
1765358464.5486915,200,
1765358464.6520545,200,
1765358464.7547824,200,
1765358464.8584325,200,
1765358464.9618204,200,
1765358465.0646658,200,
1765358465.1687155,200,
1765358465.272049,200,
1765358465.375125,200,
1765358465.4786155,200,
1765358465.581943,200,
1765358465.684514,200,
1765358465.7875514,200,
1765358465.890986,200,
1765358465.9936976,200,
1765358466.0975068,200,
1765358466.2010152,200,
1765358466.3036218,200,
1765358466.4079192,200,
1765358466.5118563,200,
1765358466.6150975,200,
1765358466.7189898,200,
1765358466.8230805,200,
1765358466.9267042,200,
1765358467.0309541,200,
1765358467.1348772,200,
1765358467.2378812,200,
1765358467.3415942,200,
1765358467.4450037,200,
1765358467.547929,200,
1765358467.65128,200,
1765358467.7546933,200,
1765358467.8572695,200,
1765358467.9601386,200,
1765358468.0630655,200,
1765358468.1656597,200,
1765358468.2691333,200,
1765358468.3728135,200,
1765358468.4754136,200,
1765358468.5787704,200,
1765358468.6824238,200,
1765358468.7850008,200,
1765358468.8887339,200,
1765358468.9922233,200,
1765358469.0949152,200,
1765358469.1983202,200,
1765358469.3021514,200,
1765358469.4049664,200,
1765358469.5081275,200,
1765358469.6116347,200,
1765358469.7141876,200,
1765358469.8175611,200,
1765358469.9217203,200,
1765358470.0249085,200,
1765358470.1291819,200,
1765358470.2328727,200,
1765358470.33596,200,
1765358470.442416,200,
1765358470.546702,200,
1765358470.6507452,200,
1765358470.7552,200,
1765358470.8589602,200,
1765358470.9620388,200,
1765358471.0656137,200,
1765358471.1696758,200,
1765358471.2725189,200,
1765358471.376306,200,
1765358471.480117,200,
1765358471.5830002,200,
1765358471.6866891,200,
1765358471.7907784,200,
1765358471.8941891,200,
1765358471.9984596,200,
1765358472.1025522,200,
1765358472.206455,200,
1765358472.3103263,200,
1765358472.4144838,200,
1765358472.5180888,200,
1765358472.6217337,200,
1765358472.7251701,200,
1765358472.8280106,200,
1765358472.9310098,200,
1765358473.0341325,200,
1765358473.1369042,200,
1765358473.2404666,200,
1765358473.34362,200,
1765358473.4463568,200,
1765358473.5504851,200,
1765358473.6542833,200,
1765358473.7570984,502,
1765358473.8587127,200,
1765358473.96231,200,
1765358474.0660293,200,
1765358474.1690493,200,
1765358474.2735677,200,
1765358474.3775117,200,
1765358474.481219,200,
1765358474.5843277,200,
1765358474.6880238,200,
1765358474.7921238,200,
1765358474.895902,200,
1765358474.9998205,200,
1765358475.103373,200,
1765358475.2072172,200,
1765358475.3110192,200,
1765358475.4149008,200,
1765358475.5185628,200,
1765358475.6221974,200,
1765358475.7264738,200,
1765358475.830158,200,
1765358475.9337153,200,
1765358476.0376315,200,
1765358476.1411679,200,
1765358476.2449882,200,
1765358476.3488798,200,
1765358476.4529567,200,
1765358476.5568154,200,
1765358476.6607747,200,
1765358476.7644677,200,
1765358476.8682191,200,
1765358476.9744115,200,
1765358477.080905,200,
1765358477.1855104,200,
1765358477.289833,200,
1765358477.3940308,200,
1765358477.4978404,200,
1765358477.601235,200,
1765358477.7048378,200,
1765358477.8085592,200,
1765358477.911756,200,
1765358478.0155973,200,
1765358478.1187909,200,
1765358478.2221017,200,
1765358478.3265834,200,
1765358478.430168,200,
1765358478.5333438,200,
1765358478.6368136,200,
1765358478.7399094,200,
1765358478.8435385,200,
1765358478.9469707,200,
1765358479.0502102,200,
1765358479.1535015,200,
1765358479.2572472,200,
1765358479.3604245,200,
1765358479.4647572,200,
1765358479.5689769,200,
1765358479.6729314,200,
1765358479.776866,200,
1765358479.8811693,200,
1765358479.9850605,200,
1765358480.0891423,200,
1765358480.1931398,200,
1765358480.297099,200,
1765358480.401063,200,
1765358480.5048883,200,
1765358480.6087387,200,
1765358480.7119777,200,
1765358480.8155248,200,
1765358480.919228,200,
1765358481.0232468,200,
1765358481.127124,200,
1765358481.2311,200,
1765358481.3347707,200,
1765358481.4382012,200,
1765358481.5421493,200,
1765358481.6465175,200,
1765358481.7504816,200,
1765358481.8542845,200,
1765358481.9580436,200,
1765358482.0619516,200,
1765358482.1654167,200,
1765358482.2689242,200,
1765358482.3728256,200,
1765358482.4762254,200,
1765358482.5797708,200,
1765358482.68307,200,
1765358482.786485,200,
1765358482.889686,200,
1765358482.9928143,200,
1765358483.0961049,200,
1765358483.1990738,200,
1765358483.3025694,200,
1765358483.4060273,200,
1765358483.510418,200,
1765358483.6139169,200,
1765358483.7173197,200,
1765358483.820856,200,
1765358483.9241598,200,
1765358484.027595,200,
1765358484.1317575,200,
1765358484.2360559,502,
1765358484.3374405,200,
1765358484.4416895,200,
1765358484.5464828,200,
1765358484.6506708,200,
1765358484.7544475,200,
1765358484.857958,200,
1765358484.9620285,200,
1765358485.0658653,200,
1765358485.1690304,200,
1765358485.2727077,200,
1765358485.377182,200,
1765358485.480756,200,
1765358485.58408,200,
1765358485.687594,200,
1765358485.791268,200,
1765358485.894248,200,
1765358485.9975128,200,
1765358486.1010094,200,
1765358486.2043204,200,
1765358486.3074677,200,
1765358486.410735,200,
1765358486.5135121,200,
1765358486.6169865,200,
1765358486.7201276,200,
1765358486.823802,200,
1765358486.9272754,200,
1765358487.0318992,200,
1765358487.1356244,200,
1765358487.2400775,200,
1765358487.344366,200,
1765358487.447782,200,
1765358487.5520942,200,
1765358487.656328,200,
1765358487.759441,200,
1765358487.8629906,200,
1765358487.966025,200,
1765358488.069157,200,
1765358488.1725204,200,
1765358488.2758994,200,
1765358488.378773,200,
1765358488.482219,200,
1765358488.5862174,200,
1765358488.6891644,200,
1765358488.7931526,200,
1765358488.8968027,200,
1765358489.0000474,200,
1765358489.1033149,200,
1765358489.2065709,200,
1765358489.309723,200,
1765358489.4131389,200,
1765358489.5168862,200,
1765358489.6203759,200,
1765358489.723885,200,
1765358489.827238,200,
1765358489.9305625,200,
1765358490.0349731,200,
1765358490.139666,200,
1765358490.2433598,200,
1765358490.3475082,200,
1765358490.451731,200,
1765358490.5547614,200,
1765358490.65861,200,
1765358490.762782,200,
1765358490.8662536,200,
1765358490.9702075,200,
1765358491.074262,200,
1765358491.1774676,200,
1765358491.282049,200,
1765358491.386335,200,
1765358491.4896882,200,
1765358491.5938466,200,
1765358491.6981862,200,
1765358491.801522,200,
1765358491.9052527,200,
1765358492.0090024,200,
1765358492.1127708,200,
1765358492.2169213,200,
1765358492.3214242,200,
1765358492.4252138,200,
1765358492.529239,200,
1765358492.633462,200,
1765358492.737155,200,
1765358492.840725,200,
1765358492.9443228,200,
1765358493.0475514,200,
1765358493.1509879,200,
1765358493.2549367,200,
1765358493.358437,200,
1765358493.461662,200,
1765358493.5652277,200,
1765358493.6684453,200,
1765358493.7719119,200,
1765358493.8755774,200,
1765358493.9784617,200,
1765358494.081235,200,
1765358494.1847818,200,
1765358494.287771,200,
1765358494.3914294,200,
1765358494.4953709,200,
1765358494.598462,200,
1765358494.702138,200,
1765358494.80623,200,
1765358494.9090343,200,
1765358495.0126512,200,
1765358495.1163087,200,
1765358495.218835,200,
1765358495.3221865,200,
1765358495.4260247,200,
1765358495.528667,200,
1765358495.6319897,200,
1765358495.7361798,200,
1765358495.8394792,200,
1765358495.9428782,200,
1765358496.046234,200,
1765358496.1491327,200,
1765358496.252074,200,
1765358496.3562376,200,
1765358496.4591484,200,
1765358496.5628667,200,
1765358496.667188,200,
1765358496.7707639,200,
1765358496.8742118,200,
1765358496.9778442,200,
1765358497.0811026,200,
1765358497.1849637,200,
1765358497.2893722,200,
1765358497.392394,200,
1765358497.4967775,200,
1765358497.6013348,200,
1765358497.7047923,200,
1765358497.8091512,200,
1765358497.9131842,200,
1765358498.016261,200,
1765358498.1201012,200,
1765358498.2243574,200,
1765358498.327766,200,
1765358498.4311254,200,
1765358498.534983,200,
1765358498.638221,200,
1765358498.741365,200,
1765358498.8447664,200,
1765358498.9483495,200,
1765358499.051987,200,
1765358499.1553419,200,
1765358499.258478,200,
1765358499.3616107,200,
1765358499.4644723,200,
1765358499.568355,200,
1765358499.6723194,200,
1765358499.7764592,200,
1765358499.879907,200,
1765358499.984056,200,
1765358500.0883214,200,
1765358500.1912153,200,
1765358500.2951,200,
1765358500.3990939,200,
1765358500.5018322,200,
1765358500.6059334,200,
1765358500.7098556,200,
1765358500.8127122,200,
1765358500.9163194,200,
1765358501.020124,200,
1765358501.1230814,200,
1765358501.2263317,200,
1765358501.3300078,200,
1765358501.4327936,200,
1765358501.5364025,200,
1765358501.6401951,200,
1765358501.7428384,200,
1765358501.8464162,200,
1765358501.9509614,200,
1765358502.054604,200,
1765358502.158619,200,
1765358502.262634,200,
1765358502.3657985,200,
1765358502.46925,200,
1765358502.5729537,200,
1765358502.6758633,200,
1765358502.77926,200,
1765358502.8829026,200,
1765358502.98541,200,
1765358503.088316,200,
1765358503.1913147,200,
1765358503.2940602,200,
1765358503.3970459,200,
1765358503.5002625,200,
1765358503.602754,200,
1765358503.7055643,200,
1765358503.8083143,200,
1765358503.9108472,200,
1765358504.0139115,200,
1765358504.1173556,200,
1765358504.2199433,200,
1765358504.3238807,200,
1765358504.427442,200,
1765358504.5297925,200,
1765358504.6332486,200,
1765358504.737248,200,
1765358504.8396997,200,
1765358504.9429953,200,
1765358505.0465147,200,
1765358505.1496584,200,
1765358505.25333,200,
1765358505.357604,200,
1765358505.4612806,200,
1765358505.5650702,200,
1765358505.6692464,200,
1765358505.772471,200,
1765358505.8757668,200,
1765358505.97969,200,
1765358506.0829732,200,
1765358506.185861,200,
1765358506.2896519,200,
1765358506.3927236,-1,"HTTPConnectionPool(host='192.168.15.9', port=80): Read timed out. (read timeout=1)"
1765358507.494839,-1,"HTTPConnectionPool(host='192.168.15.9', port=80): Read timed out. (read timeout=1)"
1765358508.5969124,-1,"HTTPConnectionPool(host='192.168.15.9', port=80): Read timed out. (read timeout=1)"
1765358509.6994128,200,
1765358510.0239146,200,
1765358510.1303115,200,
1765358510.2335281,200,
1765358510.3375313,200,
1765358510.4411428,200,
1765358510.5440717,200,
1765358510.6476004,200,
1765358510.9221606,200,
1765358511.0254858,200,
1765358511.1295714,200,
1765358511.233738,200,
1765358511.3375847,200,
1765358511.4415398,200,
1765358511.5457506,200,
1765358511.649513,200,
1765358511.7534685,200,
1765358511.8576725,200,
1765358511.9612036,200,
1765358512.0647717,200,
1765358512.1687174,200,
1765358512.272273,200,
1765358512.3759172,200,
1765358512.479449,200,
1765358512.5824583,200,
1765358512.6859062,200,
1765358512.7890146,200,
1765358512.891643,200,
1765358512.9949744,200,
1765358513.0981135,200,
1765358513.2009022,200,
1765358513.3044877,200,
1765358513.4079719,200,
1765358513.510768,200,
1765358513.6140711,200,
1765358513.7171679,200,
1765358513.8197026,200,
1765358513.9230552,200,
1765358514.0268939,200,
1765358514.1296933,200,
1765358514.2329495,200,
1765358514.3365226,200,
1765358514.4390893,200,
1765358514.5421383,200,
1765358514.6461074,200,
1765358514.7488618,200,
1765358514.8521297,200,
1765358514.955499,200,
1765358515.0582242,200,
1765358515.1617358,200,
1765358515.2656128,200,
1765358515.368181,200,
1765358515.4713376,200,
1765358515.5745106,200,
1765358515.6771445,200,
1765358515.7805724,200,
1765358515.8841882,200,
1765358515.9866993,200,
1765358516.0896986,200,
1765358516.193977,200,
1765358516.2974513,200,
1765358516.401015,200,
1765358516.504254,200,
1765358516.6070073,200,
1765358516.710051,200,
1765358516.813036,200,
1765358516.9158795,200,
1765358517.019036,200,
1765358517.1230462,200,
1765358517.225636,200,
1765358517.3286252,200,
1765358517.4322295,200,
1765358517.5349624,200,
1765358517.6382082,200,
1765358517.7417798,200,
1765358517.8447256,200,
1765358517.948079,200,
1765358518.051983,200,
1765358518.1548972,200,
1765358518.2582302,200,
1765358518.3614976,200,
1765358518.4644084,200,
1765358518.5671568,200,
1765358518.6705554,200,
1765358518.7734096,200,
1765358518.8769498,200,
1765358518.9799778,200,
1765358519.0827248,200,
1765358519.1856272,200,
1765358519.2889721,200,
1765358519.3915055,200,
1765358519.4946406,200,
1765358519.5976148,200,
1765358519.700197,200,
1765358519.804383,200,
1765358519.9087045,200,
1765358520.0119116,200,
1765358520.1158607,200,
1765358520.2195938,200,
1765358520.3224611,200,
1765358520.4261312,200,
1765358520.5300221,200,
1765358520.6328082,200,
1765358520.736394,200,
1765358520.8399787,200,
1765358520.9425807,200,
1765358521.0467196,200,
1765358521.15052,200,
1765358521.2535462,200,
1765358521.3570826,200,
1765358521.4607224,200,
1765358521.5647905,200,
1765358521.6691694,200,
1765358521.7726324,200,
1765358521.876603,200,
1765358521.9806607,200,
1765358522.0850434,200,
1765358522.1886344,200,
1765358522.2931018,200,
1765358522.3971143,200,
1765358522.500535,200,
1765358522.6045008,200,
1765358522.7076356,200,
1765358522.810606,200,
1765358522.913882,200,
1765358523.0170956,200,
1765358523.1199448,200,
1765358523.2232177,200,
1765358523.3264084,200,
1765358523.4291322,200,
1765358523.5324576,200,
1765358523.6353402,200,
1765358523.737776,200,
1765358523.840898,200,
1765358523.9440696,200,
1765358524.0466125,200,
1765358524.1496928,200,
1765358524.2527118,200,
1765358524.355482,200,
1765358524.4594686,200,
1765358524.563204,200,
1765358524.6658707,200,
1765358524.7695339,200,
1765358524.8728335,200,
1765358524.9751194,200,
1765358525.0784686,200,
1765358525.1816783,200,
1765358525.2843146,200,
1765358525.3874676,200,
1765358525.491206,200,
1765358525.5936987,200,
1765358525.6972036,200,
1765358525.8006778,200,
1765358525.903187,200,
1765358526.0062735,200,
1765358526.109467,200,
1765358526.2121627,200,
1765358526.3160288,200,
1765358526.420674,200,
1765358526.5238416,200,
1765358526.6278186,200,
1765358526.731175,200,
1765358526.8339655,200,
1765358526.9372697,200,
1765358527.0410695,200,
1765358527.143953,200,
1765358527.247413,200,
1765358527.350095,200,
1765358527.4527783,200,
1765358527.5557158,200,
1765358527.6587152,200,
1765358527.761583,200,
1765358527.8645127,200,
1765358527.967611,200,
1765358528.0709064,200,
1765358528.1741984,200,
1765358528.2776704,200,
1765358528.3808224,200,
1765358528.4844778,200,
1765358528.5886793,200,
1765358528.6919549,200,
1765358528.7952843,200,
1765358528.898952,200,
1765358529.0018835,200,
1765358529.10489,200,
1765358529.2084858,200,
1765358529.3125844,200,
1765358529.4168503,200,
1765358529.5210044,200,
1765358529.6241844,200,
1765358529.728186,200,
1765358529.8323064,200,
1765358529.9352043,200,
1765358530.0389304,200,
1765358530.142704,200,
1765358530.2458262,200,
1765358530.3496249,200,
1765358530.45328,200,
1765358530.5559783,200,
1765358530.660198,200,
1765358530.7645407,200,
1765358530.8687065,200,
1765358530.972751,200,
1765358531.0765579,200,
1765358531.17952,200,
1765358531.2832227,200,
1765358531.3867145,200,
1765358531.4905577,200,
1765358531.5944738,200,
1765358531.698279,200,
1765358531.8019783,200,
1765358531.906027,200,
1765358532.0096421,200,
1765358532.1127872,200,
1765358532.2161396,200,
1765358532.3197072,200,
1765358532.4225383,200,
1765358532.5260634,200,
1765358532.629491,200,
1765358532.7320845,200,
1765358532.8351853,200,
1765358532.938539,200,
1765358533.0410085,200,
1765358533.1441774,200,
1765358533.2470224,200,
1765358533.3494468,200,
1765358533.4524865,200,
1765358533.5555756,200,
1765358533.6580508,200,
1765358533.7611175,200,
1765358533.86425,200,
1765358533.9668763,200,
1765358534.0704012,200,
1765358534.175152,200,
